cohort,repository,month,n,agent_n,pr_pct,lines,agent_lines,lines_pct
created,ALL_SELECTED,2025-01,3431,0,0.0,4002208,0,0.0
created,ALL_SELECTED,2025-02,3486,0,0.0,1948402,0,0.0
created,ALL_SELECTED,2025-03,3567,0,0.0,2908133,0,0.0
created,ALL_SELECTED,2025-04,3574,0,0.0,5738433,0,0.0
created,ALL_SELECTED,2025-05,3467,11,0.3172771848860686,10143155,1096,0.0108053164917621
created,ALL_SELECTED,2025-06,3361,122,3.6298720618863434,7981767,118741,1.4876530472513168
created,ALL_SELECTED,2025-07,3942,126,3.1963470319634704,6297737,16986,0.2697159312940505
created,ALL_SELECTED,2025-08,3748,161,4.295624332977588,6625705,77199,1.165143935626473
created,ALL_SELECTED,2025-09,3869,144,3.7218919617472217,4171223,19841,0.4756638520644904
created,ALL_SELECTED,2025-10,4481,123,2.7449230082570857,2789650,24851,0.8908285985697131
created,ALL_SELECTED,2025-11,4523,177,3.913331859385364,9228574,126962,1.375748842670601
created,ALL_SELECTED,2025-12,4792,198,4.131886477462437,7433331,103040,1.3861887759336964
created,ALL_SELECTED,2026-01,9459,727,7.685801881805688,14930529,1211807,8.116303179880633
created,ALL_SELECTED,2026-02,19235,2206,11.46867689108396,51650196,6246061,12.0930054166687
created,ALL_SELECTED,2026-03,27659,3530,12.762572761126576,178143939,25561485,14.348781745529944
created,ALL_SELECTED,2026-04,27589,2426,8.793359672333176,105937352,8841971,8.346414964195064
created,ALL_SELECTED,2026-05,29870,2410,8.068295949112823,87404871,3651648,4.177854115247192
created,ALL_SELECTED,2026-06,29704,2292,7.71613250740641,118368923,12771718,10.789756024053712
merged,ALL_SELECTED,2025-01,2483,0,0.0,796724,0,0.0
merged,ALL_SELECTED,2025-02,2398,0,0.0,535367,0,0.0
merged,ALL_SELECTED,2025-03,2621,0,0.0,744975,0,0.0
merged,ALL_SELECTED,2025-04,2663,0,0.0,632158,0,0.0
merged,ALL_SELECTED,2025-05,2310,4,0.1731601731601731,719128,239,0.0332346953532611
merged,ALL_SELECTED,2025-06,2203,31,1.407172038129823,512265,1979,0.3863234849150342
merged,ALL_SELECTED,2025-07,2696,37,1.3724035608308605,1976649,1542,0.0780108152737284
merged,ALL_SELECTED,2025-08,2740,64,2.335766423357664,1241244,7411,0.5970623020131417
merged,ALL_SELECTED,2025-09,2472,28,1.132686084142395,535695,4186,0.7814147975993803
merged,ALL_SELECTED,2025-10,2993,52,1.7373872368860674,738347,5516,0.7470742076557499
merged,ALL_SELECTED,2025-11,2799,62,2.2150768131475527,564340,4721,0.8365524329305029
merged,ALL_SELECTED,2025-12,2886,48,1.6632016632016633,575369,3357,0.5834516631935331
merged,ALL_SELECTED,2026-01,4458,198,4.441453566621804,1132040,32240,2.847955902618282
merged,ALL_SELECTED,2026-02,5175,310,5.990338164251208,2095835,112804,5.382293930581367
merged,ALL_SELECTED,2026-03,7235,652,9.011748445058744,7411117,436541,5.890353640348682
merged,ALL_SELECTED,2026-04,9295,549,5.906401291016675,5688767,332417,5.843392777380406
merged,ALL_SELECTED,2026-05,10167,732,7.199763942165831,6932689,566016,8.164451052109795
merged,ALL_SELECTED,2026-06,9023,438,4.854261332151169,14439759,349368,2.4194863640037205
