cohort,quarter,n,agent_n,pr_pct,lines,agent_lines,lines_pct,fix_n,fix_agent_n,fix_pct
created,2025Q1,10484,0,0.0,8858743,0,0.0,1817,0,0.0
created,2025Q2,10402,133,1.278600269179004,23863355,119837,0.5021800161796194,1757,69,3.927148548662493
created,2025Q3,11559,431,3.728696254001211,17094665,114026,0.6670268180160301,2338,172,7.356715141146279
created,2025Q4,13796,498,3.6097419541896203,19451555,254853,1.310193452400078,2901,191,6.583936573595311
created,2026Q1,56353,6463,11.468777172466417,244724664,33019353,13.492450029474757,27331,3597,13.16087958728184
created,2026Q2,87163,7128,8.1777818569806,311711146,25265337,8.105368487529157,50693,4098,8.083956364784092
merged,2025Q1,7502,0,0.0,2077066,0,0.0,1597,0,0.0
merged,2025Q2,7176,35,0.48773690078037907,1863551,2218,0.11902008584685904,1433,18,1.2561060711793441
merged,2025Q3,7908,129,1.6312594840667678,3753588,13139,0.3500384165763531,1712,53,3.0957943925233646
merged,2025Q4,8678,162,1.866789582853192,1878056,13594,0.7238335811072726,2029,71,3.4992607195662893
merged,2026Q1,16868,1160,6.876926725160066,10638992,581585,5.466542319046767,6193,575,9.28467624737607
merged,2026Q2,28485,1719,6.034755134281201,27061215,1247801,4.611030953340418,13449,913,6.788608818499517
