cohort,scope,n,agent_n,pr_pct,lines,agent_lines,lines_pct
created,all,189757,14653,7.72198127078316,625704128,58773406,9.393162577952499
created,exclude_openclaw_vscode,109722,3735,3.4040575272051186,259004727,20313932,7.843073844748787
created,existed_before_2025,78315,2647,3.3799399859541595,188045745,2246763,1.1947959790315914
created,body_or_account,189757,6216,3.2757684828491174,625704128,47405391,7.576327033597579
created,branch_signal,189757,8450,4.453063655095728,625704128,11498126,1.8376298773595434
merged,all,76617,3205,4.183144732892178,47272468,1858337,3.931119060676079
merged,exclude_openclaw_vscode,45265,410,0.9057770904672484,35367144,306247,0.8659081999948879
merged,existed_before_2025,52046,1125,2.1615493986089227,35124216,372749,1.0612308044114067
merged,body_or_account,76617,845,1.1028883929154105,47272468,626637,1.325585539557613
merged,branch_signal,76617,2362,3.0828667267055616,47272468,1235778,2.614160106893509
