a,b,n,pct,pct_given_a
interface,service_api,9619,7.6845031715851535,23.841272988648193
interface,storage,3070,2.4525860002876,7.6091805879145396
interface,security,2279,1.820665633438254,5.648639270311803
interface,automation,1943,1.552239282918178,4.815842958409756
service_api,storage,4015,3.2075351111253134,17.64524918695614
service_api,security,2647,2.1146563982935755,11.633119451525006
service_api,automation,2193,1.7519612699122822,9.637865869737189
storage,security,1068,0.8532123284388132,15.541327124563445
storage,automation,874,0.6982280665313884,12.71827706635623
security,automation,649,0.5184782782366946,14.984991918725468
