category,min_prs_per_quarter,repositories,strata,prs,q1_n,q2_n,mean_delta_pp,ci_low,ci_high,positive,negative,ties,p_sign,p_holm
interface,1,2065,2099,10668,5111,5557,-2.7487957897360578,-4.484294343739598,-1.0276624295597814,352,430,1283,0.005861106324739726,0.02930553162369863
interface,2,540,551,5511,2626,2885,-3.2676737886656717,-5.653241682619283,-0.8417915703854126,122,156,262,0.04759732679652473,0.23798663398262365
interface,3,221,228,3497,1685,1812,-3.215921014466146,-6.526869047195368,0.057519093537808104,64,77,80,0.31221293165699526,1.0
service_api,1,2065,2099,10668,5111,5557,-1.451657253148583,-3.244078915728986,0.34699717430493027,380,415,1270,0.22785104911506532,0.6835531473451959
service_api,2,540,551,5511,2626,2885,-2.2255991795442567,-4.890437010772437,0.38829055927656014,132,141,267,0.6283375482150055,1.0
service_api,3,221,228,3497,1685,1812,-2.833293186177731,-6.067977762649633,0.28324232095365304,60,70,91,0.4300208839753426,1.0
storage,1,2065,2099,10668,5111,5557,-0.8330952634769897,-1.9998178752009108,0.37761940294790214,168,185,1712,0.3944705477796748,0.6835531473451959
storage,2,540,551,5511,2626,2885,-0.9906139982677046,-2.6806135821632098,0.7110457198530438,59,69,412,0.4264394964440235,1.0
storage,3,221,228,3497,1685,1812,-1.5292222436249652,-3.804234078210517,0.68773632446828,30,32,159,0.8990763136528589,1.0
security,1,2065,2099,10668,5111,5557,-1.0770354983224615,-2.0776490407555177,-0.1089049226299094,125,144,1796,0.272402181121151,0.6835531473451959
security,2,540,551,5511,2626,2885,-1.309642102152638,-2.589331880636595,-0.03121191676494305,46,52,442,0.6137344676301394,1.0
security,3,221,228,3497,1685,1812,-1.8144150857077979,-3.604762851495182,-0.18902452059166705,21,29,171,0.3222363203575469,1.0
automation,1,2065,2099,10668,5111,5557,-2.1675602769575866,-3.5009330325235735,-0.8075252239978824,230,272,1563,0.0671551764700066,0.2686207058800264
automation,2,540,551,5511,2626,2885,-0.5709802798181736,-2.304378427947755,1.1429491475666493,94,96,350,0.9421914836304666,1.0
automation,3,221,228,3497,1685,1812,-1.257808582894063,-3.394780565668368,0.8559581844880787,45,48,128,0.8358461346314858,1.0
