group,category,n,prs,pct
2025Q1,interface,97,27,27.835051546391753
2025Q1,service_api,97,11,11.34020618556701
2025Q1,storage,97,3,3.0927835051546393
2025Q1,security,97,1,1.0309278350515463
2025Q1,automation,97,11,11.34020618556701
2025Q1,configuration_path,97,37,38.144329896907216
2025Q1,documentation_path,97,26,26.804123711340207
2025Q1,generated_or_vendor_path,97,0,0.0
2025Q1,lockfile,97,8,8.24742268041237
2025Q1,other_or_unknown,97,27,27.835051546391753
2025Q1,source_candidate,97,72,74.22680412371135
2025Q1,test_path,97,21,21.649484536082475
2025Q2,interface,5071,1513,29.836324196410963
2025Q2,service_api,5071,690,13.606783671859594
2025Q2,storage,5071,158,3.1157562610924865
2025Q2,security,5071,107,2.1100374679550384
2025Q2,automation,5071,301,5.935712877144547
2025Q2,configuration_path,5071,829,16.347860382567543
2025Q2,documentation_path,5071,1424,28.081246302504436
2025Q2,generated_or_vendor_path,5071,34,0.6704791954249655
2025Q2,lockfile,5071,198,3.9045553145336225
2025Q2,other_or_unknown,5071,824,16.2492605008874
2025Q2,source_candidate,5071,3974,78.36718595937685
2025Q2,test_path,5071,982,19.365016761979888
2025Q3,interface,13052,4261,32.646337726019006
2025Q3,service_api,13052,2018,15.461231995096536
2025Q3,storage,13052,521,3.9917254060680354
2025Q3,security,13052,360,2.7581979773214833
2025Q3,automation,13052,968,7.4164878945755435
2025Q3,configuration_path,13052,2579,19.759423843089184
2025Q3,documentation_path,13052,3472,26.60128715905608
2025Q3,generated_or_vendor_path,13052,128,0.9806926141587495
2025Q3,lockfile,13052,739,5.661967514557157
2025Q3,other_or_unknown,13052,2348,17.989580140974564
2025Q3,source_candidate,13052,10414,79.78853815507202
2025Q3,test_path,13052,2926,22.418020226785167
2025Q4,interface,17064,5807,34.030707923112985
2025Q4,service_api,17064,2914,17.076887013595872
2025Q4,storage,17064,760,4.453820909517113
2025Q4,security,17064,564,3.305203938115331
2025Q4,automation,17064,1500,8.790436005625878
2025Q4,configuration_path,17064,3666,21.483825597749647
2025Q4,documentation_path,17064,5192,30.426629160806375
2025Q4,generated_or_vendor_path,17064,165,0.9669479606188467
2025Q4,lockfile,17064,1050,6.153305203938116
2025Q4,other_or_unknown,17064,3456,20.253164556962027
2025Q4,source_candidate,17064,13251,77.65471167369901
2025Q4,test_path,17064,3536,20.721987810595405
2026Q1,interface,31386,10357,32.998789269100875
2026Q1,service_api,31386,5867,18.693047855731855
2026Q1,storage,31386,1819,5.795577646084241
2026Q1,security,31386,1209,3.8520359395909005
2026Q1,automation,31386,3196,10.182884088447079
2026Q1,configuration_path,31386,7779,24.784935958707706
2026Q1,documentation_path,31386,10244,32.638756133307844
2026Q1,generated_or_vendor_path,31386,303,0.9653985853565283
2026Q1,lockfile,31386,2160,6.88204932135347
2026Q1,other_or_unknown,31386,6364,20.27655642643217
2026Q1,source_candidate,31386,24029,76.55961256611228
2026Q1,test_path,31386,8115,25.85547696425158
2026Q2,interface,58504,18381,31.41836455626966
2026Q2,service_api,58504,11254,19.236291535621497
2026Q2,storage,58504,3611,6.172227539997265
2026Q2,security,58504,2090,3.5724053056201286
2026Q2,automation,58504,6127,10.47278818542322
2026Q2,configuration_path,58504,16472,28.155339805825243
2026Q2,documentation_path,58504,23112,39.50499111171886
2026Q2,generated_or_vendor_path,58504,701,1.1982086694926843
2026Q2,lockfile,58504,4005,6.845685765075893
2026Q2,other_or_unknown,58504,12353,21.114795569533705
2026Q2,source_candidate,58504,44092,75.36578695473814
2026Q2,test_path,58504,22010,37.62135922330097
