mode,category,q1_pct,q2_pct,delta_pp
pooled,interface,32.998789269100875,31.41836455626966,-1.580424712831217
pooled,service_api,18.693047855731855,19.236291535621497,0.5432436798896418
pooled,storage,5.795577646084241,6.172227539997265,0.37664989391302406
pooled,security,3.8520359395909005,3.5724053056201286,-0.2796306339707719
pooled,automation,10.182884088447079,10.47278818542322,0.28990409697614083
pooled,configuration_path,24.784935958707706,28.155339805825243,3.3704038471175366
pooled,documentation_path,32.638756133307844,39.50499111171886,6.866234978411015
pooled,generated_or_vendor_path,0.9653985853565283,1.1982086694926843,0.232810084136156
pooled,lockfile,6.88204932135347,6.845685765075893,-0.03636355627757748
pooled,other_or_unknown,20.27655642643217,21.114795569533705,0.8382391431015357
pooled,source_candidate,76.55961256611228,75.36578695473814,-1.1938256113741375
pooled,test_path,25.85547696425158,37.62135922330097,11.765882259049391
fixed_agent,interface,31.704881500545685,31.552735710619352,-0.1521457899263332
fixed_agent,service_api,19.691044862784736,18.927325400144156,-0.7637194626405801
fixed_agent,storage,6.170360577201256,5.941843421941362,-0.2285171552598939
fixed_agent,security,4.013115390726326,3.5301236658157125,-0.4829917249106135
fixed_agent,automation,10.737603286289701,10.537137228090598,-0.2004660581991029
fixed_agent,configuration_path,26.864639918716733,27.7271899043124,0.8625499855956669
fixed_agent,documentation_path,33.322459370749925,39.191253405442566,5.868794034692641
fixed_agent,generated_or_vendor_path,1.0593922013786308,1.197284588843311,0.13789238746468024
fixed_agent,lockfile,7.362417426115943,6.700403383385632,-0.662014042730311
fixed_agent,other_or_unknown,20.474882612737648,21.037112604328037,0.5622299915903888
fixed_agent,source_candidate,76.73116945968934,75.08943068188537,-1.6417387778039654
fixed_agent,test_path,28.503693771867383,36.42463631395765,7.920942542090266
fixed_agent_task,interface,31.267385525942835,31.889730775238707,0.6223452492958721
fixed_agent_task,service_api,19.471173441365927,19.038413760103904,-0.4327596812620236
fixed_agent_task,storage,6.104208355620884,5.975977032027529,-0.12823132359335432
fixed_agent_task,security,3.963284646986572,3.5664431734738455,-0.3968414735127266
fixed_agent_task,automation,10.848183919888731,10.363182228399525,-0.4850016914892059
fixed_agent_task,configuration_path,26.979367378607233,27.50149079860748,0.5221234200002485
fixed_agent_task,documentation_path,34.00217502099762,38.86449485662399,4.862319835626373
fixed_agent_task,generated_or_vendor_path,1.0504482547045313,1.20597714055947,0.15552888585493863
fixed_agent_task,lockfile,7.318696435685624,6.689002495274006,-0.6296939404116175
fixed_agent_task,other_or_unknown,20.480763149057164,21.062102118087633,0.5813389690304689
fixed_agent_task,source_candidate,75.84186080041825,75.61572639750325,-0.22613440291499387
fixed_agent_task,test_path,28.272356453265452,36.523041498684314,8.250685045418862
