group,n,repos,known_author_merger,same_author_merger_n,same_author_merger_pct,median_merge_minutes,q25_minutes,q75_minutes,within5m_n,within5m_pct,within1h_n,within1h_pct,premerge_text_n,premerge_review_n,premerge_evidence_n,premerge_evidence_pct,empty_review_extra_n,text30_n,postmerge_only_30d_n
all,108549,69745,108473,88470,81.55946641099628,4.183333333333334,0.5333333333333333,30.95,56696,52.23078978157329,87838,80.9201374494468,5818,7277,9332,8.597039125187703,3514,6143,374
agent:claude_code,47861,31228,47830,45418,94.95713987037423,7.866666666666666,1.3166666666666667,53.46666666666667,20572,42.982804370991,36407,76.06819748856061,1686,2370,2740,5.72491172353273,1054,1784,124
agent:codex,43743,26877,43721,42790,97.87058850438005,0.9,0.2833333333333333,5.45,32442,74.16500925862424,39833,91.06142697117254,358,439,538,1.2299110714857235,180,396,40
agent:copilot,14098,10829,14083,233,1.6544770290421076,22.741666666666667,8.05,109.99583333333334,2571,18.23662930912186,9630,68.30756135622073,3534,4142,5628,39.920556107249254,2094,3706,191
agent:devin,1018,743,1014,29,2.8599605522682445,12.091666666666667,2.5541666666666667,75.89166666666667,362,35.55992141453831,732,71.90569744597249,87,157,169,16.601178781925345,82,89,3
agent:jules,1829,1320,1825,0,0.0,10.833333333333334,1.5666666666666667,152.88333333333333,749,40.95133952979771,1236,67.5779114270093,153,169,257,14.051394204483325,104,168,16
star_bucket:0,64148,44340,64107,53185,82.96285897015927,2.066666666666667,0.36666666666666664,16.183333333333334,39156,61.04009478081935,55414,86.3846105880152,2034,2590,3473,5.414042526657106,1439,2166,140
star_bucket:1-10,31042,18490,31021,25205,81.2514103349344,6.9,0.9333333333333333,42.46666666666667,14073,45.33535210360157,24321,78.34868887313962,1707,2073,2735,8.810643644095096,1028,1795,99
star_bucket:1001-10000,1864,837,1863,1184,63.55340848094472,68.3,12.125,840.2249999999999,307,16.469957081545065,902,48.39055793991417,482,613,723,38.787553648068666,241,520,44
star_bucket:101-1000,3300,1744,3294,2496,75.77413479052824,30.174999999999997,4.6,389.225,850,25.757575757575758,1935,58.63636363636363,535,671,801,24.272727272727273,266,553,27
star_bucket:11-100,7385,4019,7381,5940,80.4769001490313,17.583333333333332,3.316666666666667,133.11666666666667,2242,30.35883547731889,4977,67.39336492890995,791,946,1182,16.005416384563304,391,818,37
star_bucket:>10000,810,338,807,460,57.001239157372986,210.225,28.883333333333333,1719.7916666666667,68,8.395061728395062,289,35.67901234567901,269,384,418,51.60493827160494,149,291,27
